[
  {
    "id": "e1fafc74-c933-4acd-83af-153dd6d26840",
    "data": [
      {
        "text": "Women Led AI startups",
        "userDefined": false
      }
    ],
    "isTemplate": false,
    "count": 0,
    "updated": 0
  },
  {
    "id": "b0c0ea79-0c32-4c77-a587-900b7def2e0f",
    "data": [
      {
        "text": "Tell me something about the AI startups owned by women",
        "userDefined": false
      }
    ],
    "isTemplate": false,
    "count": 0,
    "updated": 0
  },
  {
    "id": "c9087c69-f3b9-4ac6-be7c-749bd4b58a3f",
    "data": [
      {
        "text": "Tell me something about ",
        "userDefined": false
      },
      {
        "text": "AI",
        "alias": "given-name",
        "meta": "@sys.given-name",
        "userDefined": false
      },
      {
        "text": " startups led by Women",
        "userDefined": false
      }
    ],
    "isTemplate": false,
    "count": 0,
    "updated": 0
  },
  {
    "id": "8992901f-e432-4449-9ab1-3fc8279a50ab",
    "data": [
      {
        "text": "AI startups info",
        "userDefined": false
      }
    ],
    "isTemplate": false,
    "count": 0,
    "updated": 0
  }
]