[
  {
    "id": "3f619ff7-9fd0-4a4a-b6a0-ef4c99165a95",
    "data": [
      {
        "text": "Customer attraction",
        "userDefined": false
      }
    ],
    "isTemplate": false,
    "count": 0,
    "updated": 0
  },
  {
    "id": "9a8be0c0-54cf-418a-9f87-e96d51c77c2a",
    "data": [
      {
        "text": "How to attract customers",
        "userDefined": false
      }
    ],
    "isTemplate": false,
    "count": 0,
    "updated": 0
  },
  {
    "id": "638c1bb2-4ed8-4908-9535-1bb81ae0059d",
    "data": [
      {
        "text": "Information on how to attract customers",
        "userDefined": false
      }
    ],
    "isTemplate": false,
    "count": 0,
    "updated": 0
  },
  {
    "id": "52c5dd70-70f0-45d1-a42d-59dcc27364b4",
    "data": [
      {
        "text": "Customer Traction",
        "userDefined": false
      }
    ],
    "isTemplate": false,
    "count": 0,
    "updated": 0
  }
]