[
  {
    "id": "3c96c1e8-374c-43fb-950e-5fc564925b23",
    "data": [
      {
        "text": "Questions Customer Succes",
        "userDefined": false
      }
    ],
    "isTemplate": false,
    "count": 0,
    "updated": 0
  },
  {
    "id": "30624e53-c04b-4d34-8c86-a1f5ee3f2240",
    "data": [
      {
        "text": "Tips on Customer attraction",
        "userDefined": false
      }
    ],
    "isTemplate": false,
    "count": 0,
    "updated": 0
  },
  {
    "id": "0d208a1e-25d2-4a05-bb2a-da7c08287c9d",
    "data": [
      {
        "text": "Tips on Customer Traction",
        "userDefined": false
      }
    ],
    "isTemplate": false,
    "count": 0,
    "updated": 0
  },
  {
    "id": "f9a48b2b-f919-4ee0-85e3-d973ae6f289c",
    "data": [
      {
        "text": "Customer Traction Related Questions",
        "userDefined": false
      }
    ],
    "isTemplate": false,
    "count": 0,
    "updated": 0
  },
  {
    "id": "3d95c4f6-4a7d-492f-8a6d-5e2718451f0b",
    "data": [
      {
        "text": "Dos Customer Traction",
        "userDefined": false
      }
    ],
    "isTemplate": false,
    "count": 0,
    "updated": 0
  }
]