[
  {
    "id": "457ae6c4-09c2-4db6-9433-97a44b8d2252",
    "data": [
      {
        "text": "Sales Process Questions",
        "userDefined": false
      }
    ],
    "isTemplate": false,
    "count": 0,
    "updated": 0
  },
  {
    "id": "371374c5-418c-4c5c-8d54-5206bb7d2352",
    "data": [
      {
        "text": "Questions Sales Process",
        "userDefined": false
      }
    ],
    "isTemplate": false,
    "count": 0,
    "updated": 0
  },
  {
    "id": "ee284b94-d71c-4681-9432-b8a24b7b4cfc",
    "data": [
      {
        "text": "Expected question on Sales Process",
        "userDefined": false
      }
    ],
    "isTemplate": false,
    "count": 0,
    "updated": 0
  },
  {
    "id": "b4a70e76-4ff8-4785-b17e-82f1fd382b8a",
    "data": [
      {
        "text": "Tips and tricks on Sales Process",
        "userDefined": false
      }
    ],
    "isTemplate": false,
    "count": 0,
    "updated": 0
  },
  {
    "id": "eeb89439-a892-4aa9-9674-dc7897d110e2",
    "data": [
      {
        "text": "Questions on Sales Process",
        "userDefined": false
      }
    ],
    "isTemplate": false,
    "count": 0,
    "updated": 0
  },
  {
    "id": "cfb854f7-79ed-48e4-b3e6-2563b692f40d",
    "data": [
      {
        "text": "Dos Sales Process",
        "userDefined": false
      }
    ],
    "isTemplate": false,
    "count": 0,
    "updated": 0
  }
]