[
  {
    "id": "a1be1976-d6a0-4eda-9160-39da892577a7",
    "data": [
      {
        "text": "I am looking for investors",
        "userDefined": false
      }
    ],
    "isTemplate": false,
    "count": 0,
    "updated": 0
  },
  {
    "id": "39df5edc-8248-4dcf-87e4-2a9b06ceee1a",
    "data": [
      {
        "text": "I am looking for an angel investor",
        "userDefined": false
      }
    ],
    "isTemplate": false,
    "count": 0,
    "updated": 0
  },
  {
    "id": "9e7be578-1012-4de1-899b-4f74bf55dcdf",
    "data": [
      {
        "text": "I am looking for funds",
        "userDefined": false
      }
    ],
    "isTemplate": false,
    "count": 0,
    "updated": 0
  },
  {
    "id": "f0a2a8cf-8b7a-43c0-b64a-d5c41968f21c",
    "data": [
      {
        "text": "I run my own business",
        "userDefined": false
      }
    ],
    "isTemplate": false,
    "count": 0,
    "updated": 0
  },
  {
    "id": "f15a028e-b8db-42d2-93d7-cf857584ab80",
    "data": [
      {
        "text": "I own a company",
        "userDefined": false
      }
    ],
    "isTemplate": false,
    "count": 0,
    "updated": 0
  },
  {
    "id": "1f428c01-c1b2-444c-bed6-229fa8282627",
    "data": [
      {
        "text": "I want to start my own company",
        "userDefined": false
      }
    ],
    "isTemplate": false,
    "count": 0,
    "updated": 0
  },
  {
    "id": "b685f8fa-3005-49ee-acd7-f322e7f07e2a",
    "data": [
      {
        "text": "I am a CTO",
        "userDefined": false
      }
    ],
    "isTemplate": false,
    "count": 0,
    "updated": 0
  },
  {
    "id": "dce0b7a4-f37a-4049-9641-11554e571c68",
    "data": [
      {
        "text": "I am the CEO",
        "userDefined": false
      }
    ],
    "isTemplate": false,
    "count": 0,
    "updated": 0
  },
  {
    "id": "17c75290-38ab-43df-92fc-052f7f27ec0d",
    "data": [
      {
        "text": "I am",
        "userDefined": false
      }
    ],
    "isTemplate": false,
    "count": 0,
    "updated": 0
  },
  {
    "id": "5b66bb94-6bec-4d3a-843e-665252437d25",
    "data": [
      {
        "text": "I am a Founder",
        "userDefined": false
      }
    ],
    "isTemplate": false,
    "count": 0,
    "updated": 0
  },
  {
    "id": "1719e656-cd49-4a36-a2a6-b8b3a649a645",
    "data": [
      {
        "text": "Entrepreneur",
        "userDefined": false
      }
    ],
    "isTemplate": false,
    "count": 0,
    "updated": 0
  },
  {
    "id": "3a326624-980e-42c4-9a6f-cb1100b2fc12",
    "data": [
      {
        "text": "I am an Entrepreneur",
        "userDefined": false
      }
    ],
    "isTemplate": false,
    "count": 0,
    "updated": 0
  }
]