[
  {
    "id": "a38aa516-cda2-4fbe-b6a3-714a683c43b2",
    "data": [
      {
        "text": "Startup Stats",
        "userDefined": false
      }
    ],
    "isTemplate": false,
    "count": 0,
    "updated": 0
  },
  {
    "id": "8e331ce2-abb5-409b-8c6b-0a9f8cd3ec52",
    "data": [
      {
        "text": "Statistics please",
        "userDefined": false
      }
    ],
    "isTemplate": false,
    "count": 0,
    "updated": 0
  },
  {
    "id": "7b1dc23f-0439-4901-a2a8-dd679fd49b91",
    "data": [
      {
        "text": "Information on Women startups",
        "userDefined": false
      }
    ],
    "isTemplate": false,
    "count": 0,
    "updated": 0
  },
  {
    "id": "5808bcb0-771a-4024-a79b-e802b66f5ca3",
    "data": [
      {
        "text": "Please give me some information on women led startups",
        "userDefined": false
      }
    ],
    "isTemplate": false,
    "count": 0,
    "updated": 0
  },
  {
    "id": "72aca9f6-34fd-4124-a0fd-094066ff27b0",
    "data": [
      {
        "text": "I want some information on Women Entrepreneurs",
        "userDefined": false
      }
    ],
    "isTemplate": false,
    "count": 0,
    "updated": 0
  },
  {
    "id": "1ec0ab34-e54b-43c9-af1b-0786fd0222ef",
    "data": [
      {
        "text": "Hi, please give me some general stats",
        "userDefined": false
      }
    ],
    "isTemplate": false,
    "count": 0,
    "updated": 0
  }
]