[
  {
    "id": "2f9084f4-9fd7-4d6e-894f-126d26c08958",
    "data": [
      {
        "text": "I run my VC Firm",
        "userDefined": false
      }
    ],
    "isTemplate": false,
    "count": 0,
    "updated": 0
  },
  {
    "id": "af6fbc0e-36a1-482f-93e6-5cbf227c2daa",
    "data": [
      {
        "text": "I am looking to Invest in female founded startups",
        "userDefined": false
      }
    ],
    "isTemplate": false,
    "count": 0,
    "updated": 0
  },
  {
    "id": "f598bb38-8368-4cdb-bec6-174604b3bbe8",
    "data": [
      {
        "text": "I am an Angel Investor",
        "userDefined": false
      }
    ],
    "isTemplate": false,
    "count": 0,
    "updated": 0
  },
  {
    "id": "1e4de582-5238-4567-b7cb-271568fa2488",
    "data": [
      {
        "text": "I am a VC",
        "userDefined": false
      }
    ],
    "isTemplate": false,
    "count": 0,
    "updated": 0
  },
  {
    "id": "b5218182-82f3-42f2-b44e-11b237707b92",
    "data": [
      {
        "text": "I am an investor",
        "userDefined": false
      }
    ],
    "isTemplate": false,
    "count": 0,
    "updated": 0
  },
  {
    "id": "e775318b-98b9-470b-b4e2-fcc973830b11",
    "data": [
      {
        "text": "Investor",
        "userDefined": false
      }
    ],
    "isTemplate": false,
    "count": 0,
    "updated": 0
  }
]